Annotation ID,Clean User ID,Task,Scene,Prepositions,Figure,Ground,Time
b6d7aae4-5359-44d0-ad00-512f4223bb73,6,sv,compsvo12,on;over;on top of;above;;,book (1),table,20190619-160622
49d4261b-9c4c-4fd7-8d36-448c8f78d960,6,sv,compsvo12,against;under;inside;below;;,box,table,20190619-160640
bbdd3115-ee6e-4688-96e7-01f0a7aca1f5,6,sv,compsvo12,over;on top of;;,book,table,20190619-160618
e3721ed1-f9b2-4ba4-bdce-abd9aead5be6,6,sv,compsvo29,against;;,box,table,20190619-160635
440d5256-b89b-422e-adc9-25999ac2d18f,6,sv,compsvo29,on top of;above;;,book,table,20190619-160653
bc5f0293-ffc7-4d74-836b-d67b09fd573f,6,sv,compsvo23v,against;below;;,jar,board,20190619-160620
a2ad33eb-9eb0-479b-b420-d57a3c0b6280,6,sv,compsvo23v,against;on;;,clock,board,20190619-160636
e088047a-f9dc-4c9b-add2-73ce3761cb84,6,sv,compsvi13,in;;,pencil (1),mug,20190619-160648
1fe8b214-3f00-43a3-b15e-65e2bc9e8cd5,6,sv,compsvi13,against;;,pencil,mug,20190619-160605
2dc3d2ac-9eae-41b2-9f03-7b7e2f8e1bcd,6,sv,compsvo14a,on top of;above;;,box,table,20190619-160631
54eefc49-38ce-4347-a7ad-a94e40ffc186,6,sv,compsvo14a,on top of;above;;,book,table,20190619-160649
7b5bdbd7-a154-45e9-86d7-e8358cedf4bb,6,sv,compsvu15,below;;,book,balloon,20190619-160603
0363ad12-7a5f-4f88-a7d5-32a5120d7e76,6,sv,compsvu15,under;;,table,balloon,20190619-160616
ad8344c6-b081-4d43-9ad9-ee7ac5da9950,6,sv,compsvo16a,on;on top of;;,book,table,20190619-160634
19f3f019-5418-4376-8341-c2baaa6e9840,6,sv,compsvo16a,against;;,balloon,table,20190619-160645
ffcc7038-03f9-4558-96db-f99934395742,6,sv,compsvo13v,against;;,jar,board,20190619-160655
7bbf569a-059e-416b-b9c7-2f704cf2678e,6,sv,compsvo13v,on top of;above;;,book,board,20190619-160609
e78a1cb3-5981-479c-a8f6-c6ad516c4a62,6,sv,compsvu67a,none;;,box,balloon,20190619-160622
ef97b719-429f-422f-a963-286946e356e1,6,sv,compsvu67a,none;;,table,balloon,20190619-160630
9673ba8f-eb45-495f-aa95-441e032c42f1,6,sv,compsvi46,none;;,ball,bowl,20190619-160643
466253b2-663b-482f-bb8d-aaa2f89ae984,6,sv,compsvi46,over;on top of;;,pencil,bowl,20190619-160658
5c7f21a4-d407-472a-9761-33fc3a2198a7,9,sv,compsvi26a,against;on;on top of;;,pencil,lamp,20190621-060618
a873d059-afc7-4104-baac-dea6a3e2e4e8,9,sv,compsvi26a,none;;,bowl,lamp,20190621-060629
c3442b74-b2d2-4eb4-ae88-79b7314e4839,9,sv,compsvul,against;on;on top of;;,pencil,lamp,20190621-060641
3d03b4b4-c91b-4b3b-8e8c-9ff5ad4c42bb,9,sv,compsvul,under;;,bowl,lamp,20190621-060651
baaafaab-d5c7-494c-a00e-e16b30be02a6,9,sv,compsvo29,below;;,box,table,20190621-060619
202e4116-a44e-460c-9516-d90336d5cff7,9,sv,compsvo29,on;on top of;;,book,table,20190621-060627
5099d84d-2d0d-4c13-a55b-b10145e16187,9,sv,compsvi24,against;;,cube,cup,20190621-060641
1471a541-abec-4993-b7c2-5784182d78f2,9,sv,compsvi24,on;;,pencil,cup,20190621-060653
7222b372-4d9a-4e46-990e-57b37960e5fd,9,sv,compsvo16,on;on top of;;,book,table,20190621-060604
75fc9a48-38bf-4e78-8f3f-2141b65a52c6,9,sv,compsvo16,above;;,balloon,table,20190621-060624
640d1fa8-180b-4e62-8e80-075e5b51db59,9,sv,compsvi13,in;inside;;,pencil (1),mug,20190621-060635
80cbd119-10eb-43d8-9778-d3821cc7ec4b,9,sv,compsvi13,against;;,pencil,mug,20190621-060646
a32c4f65-1837-4731-8548-4e4a416cfdbf,9,sv,compsvu67a,below;;,box,balloon,20190621-060659
8921c761-37a8-46d6-9127-3d807a725894,9,sv,compsvu67a,below;;,table,balloon,20190621-060607
b3ca1d17-441c-4e2e-9e74-26dd97370d45,9,sv,compsva34,above;;,balloon,bin,20190621-060626
1ee8a1cb-526c-4274-8cbf-57b865775522,9,sv,compsva34,over;;,table,bin,20190621-060635
737920b4-319e-40b8-85fc-dbd93a9366ec,9,sv,compsvo79,none;;,box,table,20190621-060648
138e6e98-0046-43e1-a706-d9bd7b27193b,9,sv,compsvo79,under;below;;,box (1),table,20190621-060653
2be4dedd-8e7a-4062-a89c-f726ff186145,9,sv,compsvo19,below;;,box,table,20190621-060601
4e7f71d5-8e28-4ba7-95cf-33eda9556000,9,sv,compsvo19,on;on top of;;,book,table,20190621-060606
b160e32a-1dd5-40e1-8189-b331d8bd8c6b,10,sv,compsvu56,over;above;;,box,balloon,20190621-080609
9a834d7c-78a3-4b0b-a174-f5c662c74d70,10,sv,compsvu56,against;;,table,balloon,20190621-080658
f0403221-ad73-4750-8fb2-8bcca24fd64a,10,sv,compsvi14,in;;,ball,bowl,20190621-080611
0f4d4bfa-8549-48b3-b553-2c69b1804571,10,sv,compsvi14,on;on top of;;,pencil,bowl,20190621-080620
c878886b-c066-4509-af95-9c5042c262b7,10,sv,compsvo16a,on;on top of;;,book,table,20190621-080630
971fe882-9033-44de-95f8-1aa6d062de2d,10,sv,compsvo16a,against;above;;,balloon,table,20190621-080648
c3b981c3-6392-4206-ab6c-3a9f0e46bec7,10,sv,compsvi15,none;;,pencil,box,20190621-080600
2466fe71-abf0-4034-a816-d28bd8df7a0f,10,sv,compsvi15,in;inside;;,pear,box,20190621-080607
7d8996c2-77b0-43d2-b171-4cf221fad4c8,11,sv,compsvo79,under;below;;,box,table,20190621-080629
2580b973-c858-4f40-8798-be3ad824dc0f,11,sv,compsvo79,under;below;;,box (1),table,20190621-080654
07c3c119-2c35-4cf0-817d-0ca3c0ccc908,10,sv,compsvu53,under;below;;,box,book,20190621-080608
faa89aab-269f-432f-bab1-551a5c44f131,10,sv,compsvu53,under;;,table,book,20190621-080615
4d5caa9f-a6b2-4dc8-81f9-62bd1aa1092f,11,sv,compsvul,on;on top of;;,pencil,lamp,20190621-080619
8c14721e-70d6-413e-9f87-beab494e37cd,10,sv,compsvu23,under;;,box,book,20190621-080633
f5cdda98-0543-4663-8388-8b6804a4542e,11,sv,compsvul,under;;,bowl,lamp,20190621-080635
8f856bee-5f3e-4cb1-b302-b83431ddbf49,10,sv,compsvu23,none;;,pear,book,20190621-080640
4852f699-5b56-499a-b33a-08d2b1e6a345,10,sv,compsvul,on;;,pencil,lamp,20190621-080651
32af12e9-c43a-4f5a-96d2-5cdfe7c6c122,10,sv,compsvul,under;;,bowl,lamp,20190621-080655
03aeaf08-0723-4a89-a511-adf22b806237,10,sv,compsva34,over;;,balloon,bin,20190621-080606
2dedf0f3-5070-48b1-a5c0-b60b99235b32,11,sv,compsvo67,under;below;;,box,table,20190621-080641
3600101e-7c08-4702-a190-274a4744bee7,11,sv,compsvo67,over;above;;,balloon,table,20190621-080650
a394e95c-0b1b-44d0-8cd5-19d6658c42a1,11,sv,compsvu53,below;;,box,book,20190621-080607
d04deb5f-2eab-4d1f-9305-dff8d6a57c97,12,sv,compsva25,on;on top of;;,picture,bin,20190621-080617
8cbe6cdf-cc2d-4796-a572-7a98eedb2335,11,sv,compsvu53,under;below;;,table,book,20190621-080618
029fb5ec-770e-430c-bc34-df06af8cf1e1,11,sv,compsvu34,under;below;;,picture,book (1),20190621-080629
bd93d9b2-c27a-4dc5-99bd-7844700aa059,14,sv,compsva23,on;on top of;;,box,book,20190621-080649
5f26811f-3e66-4514-9e47-98e5fcb5bca6,14,sv,compsvo24v,none;;,jar,board,20190621-080601
2f6aef07-a59b-4455-b464-f61dd9bf7b28,14,sv,compsvo24v,on;;,clock,board,20190621-080612
8f21e7ce-2140-4e3a-adc0-e8df22785899,14,sv,compsvu25,against;on;;,book (1),book,20190621-080627
4a8150de-57ec-49af-b733-856a92527d4d,12,sv,compsva25,above;;,table,bin,20190621-080634
23432558-b85f-4d5c-9079-d277e541b4a1,14,sv,compsvu25,under;;,cube,book,20190621-080634
7ef14586-82ca-4b07-82ff-8059f1983011,14,sv,compsvu25,under;;,table,book,20190621-080643
bb8f0167-751c-4d3b-84dc-a26eaca18190,12,sv,compsva12,on;on top of;;,box,book,20190621-080652
8d605579-d02b-444d-8471-66eda2900a08,12,sv,compsva12,on;;,pear,book,20190621-080602
50870f0f-fa64-4227-b130-202c6a6276ef,14,sv,compsva34,over;on top of;above;;,table,bin,20190621-080618
a68689f5-450a-4e2d-b2b2-1b06cb0650e1,14,sv,compsvo29,none;;,box,table,20190621-080631
68640589-2db8-4cb6-bdeb-1022175dee39,14,sv,compsvo29,on;on top of;;,book,table,20190621-080637
979ed1c1-6479-4c29-9295-d2f70ed85721,12,sv,compsvi16,none;;,pear,bowl,20190621-080638
a528dd03-084d-4905-abd7-96d83917518a,12,sv,compsvi16,in;inside;;,pencil,bowl,20190621-080648
9ea24ad9-03a7-4e2a-8d56-411b7b2ef55f,14,sv,compsvu16,below;;,book,balloon,20190621-080652
e54f0892-a6fd-4a2f-9c1f-3619614b3878,11,sv,compsvu34,under;below;;,table,book (1),20190621-080655
5f97207d-d482-4bdd-a61e-6319b7c2e878,14,sv,compsvu16,under;below;;,table,balloon,20190621-080657
4aa4e216-7973-42fa-b90f-d13af81ad66a,14,sv,compsva24,on;on top of;;,picture,bin,20190621-080606
c098f854-7f16-4c85-8857-07fee8183343,14,sv,compsva24,over;above;;,table,bin,20190621-080611
0f162c80-c257-4c6a-a21c-bf4e0fd467da,11,sv,compsvo17,under;below;;,box,table,20190621-080614
cbcd283c-c7ec-4e09-be60-a170ac815026,12,sv,compsvi36,against;;,pencil,mug,20190621-080615
a6175506-081e-4cdf-8687-0df3bac26570,11,sv,compsvo17,on;on top of;;,book,table,20190621-080622
e794e2c5-84f2-4acd-8a07-8e468038d5fc,14,sv,compsvo24,on;;,pear,table,20190621-080622
65f1b501-7c38-43d5-a907-fba3e798ad7d,12,sv,compsvi36,against;;,pear,mug,20190621-080625
33d69045-ee60-4163-8201-3a285fbb756b,14,sv,compsvo24,on;on top of;;,book,table,20190621-080628
4f6aed10-5161-418d-8464-8de1275a1bb4,14,sv,compsvo14a,on;on top of;;,box,table,20190621-080633
5fd3f358-9c9e-4573-9f11-00292ee275ee,14,sv,compsvo14a,on;;,book,table,20190621-080636
b67dcd43-f339-41df-a7db-be716afe821e,12,sv,compsva15,over;above;;,balloon,book,20190621-080645
53edbf7c-2a93-48c5-9143-9f43b3c42e1d,14,sv,compsvi16,none;;,pear,bowl,20190621-080644
7a5f9135-faf2-4576-a4b2-0c58afe8b471,14,sv,compsvi16,in;inside;;,pencil,bowl,20190621-080649
c1089424-88e4-41b1-8449-90383b552dc2,12,sv,compsva15,on;on top of;;,pear,book,20190621-080606
499a1c94-56cd-49b1-a236-6f11a0f3eb1c,12,sv,compsvi25,none;;,pencil,box,20190621-080653
d14bbf74-8003-4ef2-a8c2-d96e80261f47,10,sv,compsva34,over;above;;,table,bin,20190621-080657
fea08e0d-e34d-47df-bf94-45d1f75ab40b,12,sv,compsvi25,on;;,pencil (1),box,20190621-080602
b70f4d57-8920-4166-8f33-ef23b1f3fad1,10,sv,compsvu25,against;;,book (1),book,20190621-080606
bd2865df-0bfe-4d1d-875c-68ab27a44947,10,sv,compsvu25,under;;,cube,book,20190621-080611
960dd9ee-84b6-4d0b-b57e-967358888fa1,12,sv,compsvo69a,below;;,box,table,20190621-080642
2534eb5f-dc75-46cc-989e-5eaf74004f5d,10,sv,compsvu25,under;;,table,book,20190621-080646
01cf29b9-5010-4b61-b836-a44b8e19eeb0,12,sv,compsvo69a,over;above;;,balloon,table,20190621-080655
dd19d39c-51da-42cf-a7ac-e8511750ef02,12,sv,compsvi12,on;on top of;above;;,pencil,table,20190621-080615
eb792d46-31df-4d71-8740-798068ed0a14,11,sv,compsvu63,below;;,box,book,20190621-080620
dd27d967-f758-4e02-a353-e1066b89df1a,12,sv,compsvi12,on;on top of;;,cube,table,20190621-080625
50471b10-9e93-4a5b-8787-16e28e26688b,11,sv,compsvu63,under;;,table,book,20190621-080628
a8a032e1-e257-44c5-8653-1b39be10b092,12,sv,compsvi12,on;on top of;;,cup,table,20190621-080636
edd6daf3-d66b-42a7-a234-cb8c808f01f7,11,sv,compsvi26,against;on;;,cube,cup,20190621-080644
377bdf8f-a6ac-4dc3-9ea0-3cfbdd53bdab,11,sv,compsvi26,none;;,pencil,cup,20190621-080650
56266adf-158f-4e6a-b106-0d1ac443ee9c,10,sv,compsvi46,none;;,ball,bowl,20190621-080652
33fbd57e-83c2-4859-bcc2-73ab537494af,10,sv,compsvi46,on;on top of;;,pencil,bowl,20190621-080657
8205c49a-c548-4b43-b492-edfa6876124f,12,sv,compsvi12,in;inside;;,pencil,cup,20190621-080607
1c2b1136-7d5a-4314-8ce8-2430f4b19cec,12,sv,compsvi12,against;;,cube,cup,20190621-080614
df133b95-1100-4853-a717-a8da62e0d73e,11,sv,compsvo14v,none;;,jar,board,20190621-080626
9e5f9b0a-ec25-406e-8cf4-c859918a5608,12,sv,compsvo18,against;below;;,box,table,20190621-080630
9f553a4a-2609-48d7-b7f3-b4f3fae59e9f,12,sv,compsvo18,on;on top of;;,book,table,20190621-080640
262ce800-8a68-410d-965f-fed10b4288b0,12,sv,compsvu53,under;below;;,box,book,20190621-080658
c03b9cd3-943b-40a8-b4a4-d13b3578de63,12,sv,compsvu53,under;below;;,table,book,20190621-080622
f0193392-9f3f-4665-8037-26da6d0016af,15,sv,compsvo78,under;below;;,box,table,20190621-090615
27f4caff-8569-4f39-8892-8d76df1b1ddd,15,sv,compsvo78,against;;,box (1),table,20190621-090632
a971d5c6-45b0-4bd5-99cb-4d7fdbc19d2b,11,sv,compsvo14v,on;on top of;;,book,board,20190621-090649
ac0d736a-a462-4c41-8950-a8128f852bee,15,sv,compsvu53,over;below;;,box,book,20190621-090651
9cee34f3-ecbc-4bb3-9723-9e85f9e405ef,11,sv,compsvi3,against;on;;,pencil,mug,20190621-090600
27c56854-082e-4686-80dc-88a09ed40be3,15,sv,compsvu53,over;below;;,table,book,20190621-090600
4a1a623a-f9f9-4d65-b6f1-137b29ef5222,15,sv,compsvo18,against;;,box,table,20190621-090616
36dcd449-f3b3-46fb-8fab-f51c2ac3219a,11,sv,compsvi3,none;;,pear,mug,20190621-090618
0d0c2554-a8af-4f3b-8263-f1ffe840347c,15,sv,compsvo18,on;on top of;above;;,book,table,20190621-090625
3134f561-f32e-4141-a934-25547273c555,15,sv,compsvu67,under;below;;,box,balloon,20190621-090633
29b9b74c-3bf5-469f-9ac2-25ddd645acf1,15,sv,compsvu67,under;below;;,table,balloon,20190621-090645
69e4e6a0-54b5-4640-b2c7-2eee667527a3,15,sv,compsvo17,under;below;;,box,table,20190621-090659
46e0a329-fdee-48c1-ba09-1676cda3559f,15,sv,compsvo17,on;on top of;above;;,book,table,20190621-090606
26872b21-a0c5-4813-a44f-a65841a91c27,15,sv,compsvu67a,none;;,box,balloon,20190621-090621
ec9f0654-49ba-4d60-9ab5-ff6aff212958,15,sv,compsvu67a,below;;,table,balloon,20190621-090628
0cb93595-9361-4e15-b676-ad9ef0bbb20f,15,sv,compsvu25a,under;below;;,box,balloon,20190621-090639
7eee9ce7-6d38-4b83-a64f-b3c74726da6e,15,sv,compsvu25a,under;below;;,table,balloon,20190621-090646
c673685d-dc4a-40f8-b614-590f78c104dc,15,sv,compsvi15,against;;,pencil,box,20190621-090601
12409f82-2d44-41bf-995a-86477781f8c0,15,sv,compsvi15,in;inside;;,pear,box,20190621-090607
320566bd-4ac5-4b30-8043-dc10d0c48bff,15,sv,compsvi24a,in;inside;;,pear,cup,20190621-090616
c3a7a4fa-6afd-4b74-9fb9-b08c85d16c2e,15,sv,compsvi24a,against;;,cube,cup,20190621-090621
659e7562-32a9-4833-92c7-90d53870cad2,15,sv,compsvo79,none;;,box,table,20190621-090635
6b6ee403-e452-4479-954d-4cbe56e6ba86,15,sv,compsvo79,under;below;;,box (1),table,20190621-090643
e75fbbdf-e6f9-491d-bc2b-478b3e32d448,16,sv,compsvo19,none;;,box,table,20190621-100649
2f3a4966-8943-4a43-9e7d-5228e1b93f4a,16,sv,compsvo19,on;on top of;;,book,table,20190621-100616
e11de254-d894-4b89-92f2-ece6df9d5645,16,sv,compsvi46,none;;,ball,bowl,20190621-100648
0d710217-bf86-4b5f-86f2-bf89b8b45f83,16,sv,compsvi46,on;on top of;;,pencil,bowl,20190621-100611
482eb11b-f769-4b5e-b8e1-acd677f35616,16,sv,compsvu67a,below;;,box,balloon,20190621-100646
fdc79a9d-30bb-40b7-85ae-1f4ee5d7dbf1,16,sv,compsvu67a,below;;,table,balloon,20190621-100603
446ec71c-5dfa-4e9e-b369-13fe3d451c50,16,sv,compsvu63,below;;,box,book,20190621-100639
db483b38-7b3f-4b82-b344-ce0b56cfd38f,16,sv,compsvu63,under;below;;,table,book,20190621-100658
bab41d45-b286-49b6-bf4a-8d17e1f9aad1,16,sv,compsva15,above;;,balloon,book,20190621-100623
8b497443-501b-4ae5-83e3-9f7352a6f2fe,16,sv,compsva15,on;on top of;;,pear,book,20190621-100653
a439b2c2-0ce0-460b-9489-8e8c9b5247a1,16,sv,compsvo12v,on;on top of;;,book,board,20190621-100617
6501a6c7-9d52-47b4-abf0-3fac85685ad8,16,sv,compsvo12v,on;;,clock,board,20190621-100649
3102d4fa-aec2-42d4-a03f-84133bc227b0,16,sv,compsvi36,against;;,pencil,mug,20190621-100606
66e73d5f-0fba-41f9-ae3f-8849e91d05ad,16,sv,compsvi36,against;;,pear,mug,20190621-100634
9eb88134-77ce-4a33-9aee-699d62e60f5f,16,sv,compsvi34,on;on top of;;,pencil (1),mug,20190621-100606
f8b33ec2-01dd-436b-9b60-f5d00c163359,16,sv,compsvi34,against;;,pencil,mug,20190621-100626
8a7f979b-e493-4136-9c24-bdfcc741dc25,17,sv,compsvo78,against;;,box,table,20190622-020646
a067202d-7463-44a8-a34d-73e1e0109ab1,17,sv,compsvo78,under;below;;,box (1),table,20190622-020612
c13c00a3-2229-4e35-9d50-828db558a99e,17,sv,compsva14,on;on top of;;,book,box,20190622-020636
32c02ba5-d83c-43c2-95c7-fc31a47319a3,17,sv,compsva14,above;;,table,box,20190622-020641
1e555cc4-4cbc-4ccd-80f8-ff580865e084,17,sv,compsva24,on top of;;,picture,bin,20190622-020630
df296798-3160-4f7c-974a-650a9d340442,17,sv,compsva24,over;;,table,bin,20190622-020628
9782312c-eebe-4456-bb8c-6e3e8b2193bd,17,sv,compsvu23,under;;,box,book,20190622-020626
d0d564fa-1495-4df7-bd68-f31d5360eeb1,17,sv,compsvu23,none;;,pear,book,20190622-020649
b7ee2123-d5d4-48b9-8f1d-18243b339d54,17,sv,compsva23,above;;,balloon,book,20190622-020610
4420aa98-aeb7-46d8-9297-a8bf56939ac9,17,sv,compsva23,on top of;;,box,book,20190622-020625
fcf50f8c-a962-4d83-8d9f-dddbc84099f8,17,sv,compsvo67,under;;,box,table,20190622-020658
46121dd3-e9ab-4cb4-8906-be52d4769598,17,sv,compsvo67,above;;,balloon,table,20190622-020649
cfed5ff1-6899-49e3-804b-25ff975067f7,17,sv,compsvu15,below;;,book,balloon,20190622-020600
6fd5f8d0-1cee-4d20-8363-7ec303b87fb8,17,sv,compsvu15,below;;,table,balloon,20190622-020610
ec6f1bd2-8055-47db-98fc-76f87c9ca16f,17,sv,compsvo24,on;;,pear,table,20190622-020626
88fa5a48-30d4-420c-93f8-1965ddb06318,17,sv,compsvo24,on;;,book,table,20190622-020636
a9726fec-0fbe-44d4-ae1c-7065ffef45be,17,sv,compsvi45,against;;,pencil,mug,20190622-020604
c8cad2c5-3a4e-441f-aa08-ed4dcc9179b6,17,sv,compsvi45,none;;,cup,mug,20190622-020622
dc7320d8-30a7-42d4-868b-353db034f9c2,17,sv,compsva15,over;;,balloon,book,20190622-020622
cb90c1b8-d361-4341-9727-3d6eef7be1dd,17,sv,compsva15,on top of;;,pear,book,20190622-020652
397ab0f2-4524-48ef-81c3-536371147fca,19,sv,compsva12,on;on top of;above;;,box,book,20190622-130645
03123b2c-6db7-4fc8-99c7-8726eca29df8,19,sv,compsva12,on;on top of;above;;,pear,book,20190622-130620
0f5a8ff4-4c84-40cf-af70-41f798ba31e6,19,sv,compsvo14v,none;;,jar,board,20190622-130644
fa3fb598-808f-4d82-aebf-c23e6d863d0a,19,sv,compsvo14v,on top of;above;;,book,board,20190622-130628
fbd8753d-fa60-48ad-8e87-3c72d22b59ab,19,sv,compsvo78,against;;,box,table,20190622-130645
573534e9-0197-4674-8e47-c89052fc5eb9,19,sv,compsvo78,under;;,box (1),table,20190622-130602
0cb8dc5d-35b8-4bbc-b78d-918a02798dcc,19,sv,compsva15,over;above;;,balloon,book,20190622-130621
f93ce896-6e2b-464e-a70f-2a04b2b21943,19,sv,compsva15,on;on top of;;,pear,book,20190622-130638
6a5407cd-2af0-4b18-a6e7-bfb80a64aa2d,19,sv,compsvu17,under;;,box,table,20190622-130601
25680596-5a06-4a76-9dc1-ef8170d788d4,19,sv,compsvu17,below;;,box (1),table,20190622-130613
9005a293-2d0d-4e08-8f8f-edee197c0aaf,19,sv,compsvi24a,inside;;,pear,cup,20190622-130623
f7c5eede-6641-4d45-b50d-1bd3e7114c79,19,sv,compsvi24a,against;;,cube,cup,20190622-130637
71906015-8014-46f1-b84d-7d77ad803d95,19,sv,compsvo29,none;;,box,table,20190622-130600
02d557da-ee10-442d-9c48-5a521a172f53,19,sv,compsvo29,on;;,book,table,20190622-130610
12304167-6721-4a9d-8ce6-f29d77bdbc5c,19,sv,compsvo16a,on;;,book,table,20190622-130628
8740520a-d160-471a-b6cc-d110e5e4ca45,19,sv,compsvo16a,none;;,balloon,table,20190622-130639
2daf3146-6811-4b5a-885b-6f2340a88c81,19,sv,compsvo18,against;;,box,table,20190622-130647
a9101bcd-f922-4e5a-9720-1c6fe268c1c7,19,sv,compsvo18,on;;,book,table,20190622-130603
9a879a55-0e58-4ffe-992e-f90d47a7bb17,19,sv,compsvi34,on;on top of;;,pencil (1),mug,20190622-130617
7dbec76d-0857-4d05-88ac-32e12f704489,19,sv,compsvi34,against;;,pencil,mug,20190622-130628
6fe39377-53c3-4b02-97b7-9d86a64fdb1b,20,sv,compsva24,on;on top of;;,picture,bin,20190623-190620
f307db94-6d7e-431d-8f87-1b3a96fa1b4e,20,sv,compsva24,above;;,table,bin,20190623-190644
d4be4654-7f4a-4821-8af9-010569b6dea9,20,sv,compsvi14,in;inside;;,ball,bowl,20190623-190654
fa0f49a4-44a9-4a71-a2f5-86fa368aa455,20,sv,compsvi14,on;on top of;;,pencil,bowl,20190623-190600
fa0ce56b-0bec-4c16-ae40-0221d2afe535,20,sv,compsvu15,under;below;;,book,balloon,20190623-190613
85fc70ed-d464-404b-b38e-27da460d9b4a,20,sv,compsvu15,under;below;;,table,balloon,20190623-190621
95c9deb8-027c-466d-ae14-8ffe23bc54ff,20,sv,compsvi12,none;;,pencil,table,20190623-190643
3325191f-a405-4be6-91f8-6d25d43b731d,20,sv,compsvi12,on;on top of;;,cube,table,20190623-190649
da1a78f5-34f0-485d-aabc-ef05bf24bd80,20,sv,compsvi12,on;on top of;;,cup,table,20190623-190654
e1c80007-7b8a-4f22-b6c6-c37f0b43b5cb,20,sv,compsvi12,in;inside;;,pencil,cup,20190623-190600
ade46f3a-d8e6-4abf-b84f-92ea5c605fb4,20,sv,compsvi12,against;;,cube,cup,20190623-190608
590891f7-2a66-4a1c-a039-bc125860000d,20,sv,compsvo24v,none;;,jar,board,20190623-190630
3344e99f-8815-46d8-9a72-a0be63381201,20,sv,compsvo24v,on;;,clock,board,20190623-190638
dd9f93fe-5ac1-4194-9568-659ff172d6a6,20,sv,compsvo12v,on;on top of;;,book,board,20190623-190649
11d9c4f7-1e85-42f3-9723-b32d15f0e4a8,20,sv,compsvo12v,on;;,clock,board,20190623-190654
a0b10332-8441-4ecd-a3d3-963a468f4b0a,20,sv,compsvo79,none;;,box,table,20190623-190603
527a98e2-fc3e-4961-9a23-9108dcb1ab27,20,sv,compsvo79,under;below;;,box (1),table,20190623-190609
c690f9a1-3df6-4d8e-8509-9a11c62bde16,20,sv,compsvi26a,on;;,pencil,lamp,20190623-190619
2b609fc6-3ad4-43a0-8939-7c1e6889c126,20,sv,compsvi26a,none;;,bowl,lamp,20190623-190624
970347e9-5819-4ae3-801b-192dd9beed5d,20,sv,compsvo67,under;below;;,box,table,20190623-190632
d6494390-e684-4e41-9ab9-1ef7d1db765e,20,sv,compsvo67,over;above;;,balloon,table,20190623-190637
54d3a693-c8b7-463c-a624-5b56cd20f784,20,sv,compsvi24a,in;inside;;,pear,cup,20190623-190613
08d9bd98-bd54-4575-8b52-c9955a2e68a0,20,sv,compsvi24a,against;;,cube,cup,20190623-190635
35770718-a60c-4106-aab1-6a3a13ab4daf,21,sv,compsvi13,in;inside;;,pencil (1),mug,20190624-080608
c1f77861-015c-480f-b834-c3c159d158e9,21,sv,compsvi13,against;on;;,pencil,mug,20190624-080655
b1c50fa8-4918-40d6-92a0-11c78823a25a,21,sv,compsva15,on top of;;,balloon,book,20190624-080642
91b98d9d-e406-4cb9-b64c-6326e9a8c7a9,21,sv,compsva15,on;over;on top of;above;;,pear,book,20190624-080617
2575436d-bc3d-4699-a58e-70e49b9cbeef,21,sv,compsvula,against;on;on top of;;,pencil,lamp,20190624-080642
990b9ecb-b2cb-4149-869c-66502570d98c,21,sv,compsvula,below;;,bowl,lamp,20190624-090606
e16665e9-8b9a-4381-96ee-5983798bc4d2,21,sv,compsvo16,on;on top of;;,book,table,20190624-090623
4dd0ca5b-4d33-4526-81ae-71941908e9e3,21,sv,compsvo16,above;;,balloon,table,20190624-090653
2d470c3b-7389-4675-8c14-9e07ecb4d76d,21,sv,compsvi26a,against;;,pencil,lamp,20190624-090621
4aae922d-f1cc-428e-a94f-ec8deb2f79cf,21,sv,compsvi26a,none;;,bowl,lamp,20190624-090644
815f6141-8845-46e1-a5af-9daf6d34cd51,21,sv,compsvo89,against;below;;,box,table,20190624-090611
9bae1007-06f2-4da3-97d3-8ff39cc4bcc5,21,sv,compsvo89,below;;,box (1),table,20190624-090628
2d84c081-a576-4233-ae4a-99f1bebcee54,21,sv,compsvi45,against;below;;,pencil,mug,20190624-090651
7b6c126a-dd03-4543-a1f5-5faa2a920b17,21,sv,compsvi45,against;;,cup,mug,20190624-090613
3a50ead6-d886-4ade-ad88-f2e581a6ea01,21,sv,compsvo14a,on;on top of;;,box,table,20190624-090630
fc8b0532-7e76-49d2-8c71-5876630f3af7,21,sv,compsvo14a,above;;,book,table,20190624-090649
61dde916-6307-4f3e-b6c2-232e3b7c78b4,21,sv,compsva13,against;on;over;on top of;above;;,pear,book,20190624-090610
54c730ab-60bf-4d06-9eb6-040f8e11389f,21,sv,compsva13,none;;,balloon,book,20190624-090645
b2b30d30-189a-4498-b0c8-71d16977a243,21,sv,compsvi14,in;;,ball,bowl,20190624-090601
6abbf187-5d5c-46f6-8fbb-879657d641a6,21,sv,compsvi14,on;over;on top of;;,pencil,bowl,20190624-090627
0d8646ff-dcd9-4774-9cc7-9bb3049da26b,22,sv,compsvu25a,below;;,box,balloon,20190625-100629
aee55db2-a74f-4c58-8ff1-7a83ea732f4e,22,sv,compsvu25a,below;;,table,balloon,20190625-100637
a473acee-e8dd-4fa0-8953-374597407e24,22,sv,compsvi45,in;inside;;,pencil,mug,20190625-100632
f841d861-7388-440d-bfc4-47a0bfc0ccd4,22,sv,compsvi45,against;;,cup,mug,20190625-100644
d704ce02-5f53-45c1-a155-2780814a6885,22,sv,compsvi14,in;inside;;,ball,bowl,20190625-100604
e9a553c1-b5fa-4a74-9e8b-dd34a9d02470,22,sv,compsvi14,on;on top of;;,pencil,bowl,20190625-100619
a6b70560-9a3c-44c1-9c82-924d3dfbd93c,22,sv,compsvo68,against;;,box,table,20190625-100630
7d2862a0-58ba-4dfd-ae8c-f877681aa8f6,22,sv,compsvo68,over;above;;,balloon,table,20190625-100638
93c299de-5dd4-4490-986f-4910afaf0889,22,sv,compsvo18,against;;,box,table,20190625-100648
8c7b4ba3-c53d-4595-8e8f-807c4992efd1,22,sv,compsvo18,on;;,book,table,20190625-100601
300e4446-bbef-4a07-b24e-d29a3407451e,22,sv,compsva25,on;on top of;;,picture,bin,20190625-100610
90ebee66-ccf0-4489-a5b0-8ea267561384,22,sv,compsva25,against;;,table,bin,20190625-100622
2b175dca-cc59-4040-9955-929824e56aa4,22,sv,compsvi12,on;;,pencil,table,20190625-100646
0ba201a2-4558-4e24-9ebe-874a39c063e8,22,sv,compsvi12,on;;,cube,table,20190625-100651
d74e2fec-d4a8-40b6-9b5f-fe5379d3c42b,22,sv,compsvi12,on;;,cup,table,20190625-100655
dd4e040d-b3f7-41df-9cee-3f9924da4851,22,sv,compsvi12,in;;,pencil,cup,20190625-100603
b8c08331-6b2d-46f4-99c0-864e904a7fbc,22,sv,compsvi12,against;;,cube,cup,20190625-100608
4a1b3964-03eb-4c1a-90ed-86c189e0ffd0,22,sv,compsvul,on;;,pencil,lamp,20190625-100621
635cacc6-ff57-421d-b89f-cdcd611fd228,22,sv,compsvul,under;below;;,bowl,lamp,20190625-100627
8e095df8-3893-4a9c-9159-a52dbca2208a,22,sv,compsvo34v,against;under;below;;,jar,board,20190625-100639
066cb64f-7836-48ec-9cb4-a43aef57551a,22,sv,compsvo34v,none;;,book,board,20190625-100652
aa67316f-d6b8-4c0c-822b-7f60e6c16da7,22,sv,compsvu56,under;below;;,box,balloon,20190625-100659
19de89d7-78ce-4963-ad4f-c18975a59ab3,22,sv,compsvu56,none;;,table,balloon,20190625-100606
73600d5a-b916-40d5-824a-d41940bd9364,23,sv,compsvu25a,below;;,box,balloon,20190625-110632
923bef3e-c3e1-43a0-b15d-e7bfa0cc68dd,23,sv,compsvu25a,under;below;;,table,balloon,20190625-110648
43c155f3-a1aa-496b-aa3d-cb06ed7421bb,23,sv,compsvo28,against;;,box,table,20190625-110609
4d0d4d94-2301-4c73-99f8-c0bc4c811d94,23,sv,compsvo28,on;on top of;above;;,book,table,20190625-110636
454d6e1b-ba16-4dd8-a033-cfb20b2c42a7,23,sv,compsvu17,under;below;;,box,table,20190625-110658
bd63d327-ff46-4c10-acc0-46d6d31582aa,23,sv,compsvu17,under;above;below;;,box (1),table,20190625-110649
1260cc9a-fde5-42ba-a5cd-35be50c61cdf,23,sv,compsvu53,under;below;;,box,book,20190625-110611
e136fc4a-39a5-4698-8ddd-105972e95983,23,sv,compsvu53,under;below;;,table,book,20190625-110629
d7634499-8a4d-4d30-93cd-5526fc3c5a5b,23,sv,compsvu15,under;below;;,book,balloon,20190625-110647
4f30ff5e-be85-49c5-b1e2-29f985356130,23,sv,compsvu15,under;below;;,table,balloon,20190625-110653
e63ab51d-d7cc-4107-b547-ac1406b5362b,23,sv,compsvo69a,none;;,box,table,20190625-110606
4f0ad3a0-85fc-4cc8-98dc-6643a7e86070,23,sv,compsvo69a,over;above;;,balloon,table,20190625-110626
df619195-9c74-4b06-97ca-48b51318603e,23,sv,compsvu56,under;below;;,box,balloon,20190625-110645
52322d69-30ec-47b7-ac71-77e8cc46a259,23,sv,compsvu56,below;;,table,balloon,20190625-110602
8fc584a3-34d3-4d49-bc2b-ddc04741a7fa,23,sv,compsvu67,below;;,box,balloon,20190625-110640
19b3939c-8a07-4f53-98c9-d08cd8d51b91,23,sv,compsvu67,below;;,table,balloon,20190625-110648
89c57fd7-254d-448e-be38-6e925288d49a,23,sv,compsvo68,against;;,box,table,20190625-110611
354a5d39-861b-4ce0-a04f-eff26dc23b0a,23,sv,compsvo68,over;above;;,balloon,table,20190625-110618
6c6dd40f-cb33-4dee-854d-92ebb0a5a900,23,sv,compsvi26,against;;,cube,cup,20190625-110631
987956f1-aa04-4271-8b02-199da477d9e4,23,sv,compsvi26,none;;,pencil,cup,20190625-110641
05a39a9e-3aca-4dc7-907a-fdb59b9632f1,24,sv,compsvu17,against;under;below;;,box,table,20190625-140626
d8c439a9-8edd-4393-a652-0d6c9d113f0c,24,sv,compsvu17,against;under;below;;,box (1),table,20190625-140650
a9891d88-4f46-435b-85d6-8a4e1891ba63,24,sv,compsva14,on;on top of;above;;,book,box,20190625-140616
07e4bfac-f94c-4216-b640-314fcfe9f075,24,sv,compsva14,over;above;;,table,box,20190625-140634
08d49f5c-97ce-47a1-99c0-08ca1d43c6b6,24,sv,compsvu53,below;;,box,book,20190625-140652
75070b76-7ac9-43dc-9f4c-ed8695763399,24,sv,compsvu53,under;;,table,book,20190625-140608
87c40d98-522d-497f-a86f-3dd584eb74b5,24,sv,compsvo24,on;on top of;above;;,pear,table,20190625-140631
94de0398-22a0-4133-927b-dc1e5e1b8679,24,sv,compsvo24,on;on top of;;,book,table,20190625-140645
35e2d895-e78b-4570-9210-9eb6938cf3da,24,sv,compsvu23,under;below;;,box,book,20190625-140612
d4b9d60b-671e-4664-a3f6-5f77d8a5d9ea,24,sv,compsvu23,none;;,pear,book,20190625-140628
669d4af0-139a-4681-b246-66311df95984,24,sv,compsvi26a,against;on;;,pencil,lamp,20190625-140650
802025be-34d5-43c2-942c-e1393df9b80b,24,sv,compsvi26a,none;;,bowl,lamp,20190625-140657
1883a6b8-3a9f-4652-8cda-c04b6401c934,24,sv,compsvi46,none;;,ball,bowl,20190625-140616
526baeea-795f-4049-8173-215bb8315d4c,24,sv,compsvi46,on;on top of;;,pencil,bowl,20190625-140604
cfb947bf-fc9d-4408-bf55-19c5c8460400,24,sv,compsva15,over;above;;,balloon,book,20190625-140616
5c5c9f40-aed9-4041-9498-56e40d99f39c,24,sv,compsva15,on;on top of;;,pear,book,20190625-140631
c8a3cab1-ff09-4eee-9263-630319d8659c,24,sv,compsvo24v,none;;,jar,board,20190625-140643
0c4e1196-ee49-4dc7-9def-8377fb757523,24,sv,compsvo24v,against;on;;,clock,board,20190625-140654
4c035a1c-e0d2-4714-8d16-f24211d953c3,24,sv,compsvi36,against;on;;,pencil,mug,20190625-140604
07cb894d-e2b3-4a72-935f-47d87d305580,24,sv,compsvi36,against;;,pear,mug,20190625-140611
9744e054-6303-4342-a65e-cd9a46134977,25,sv,compsva15,over;above;;,balloon,book,20190625-140612
4ad12259-2b03-42ab-a005-c9220c326fe2,25,sv,compsva15,on;on top of;;,pear,book,20190625-140624
9fcd6237-0239-4e75-9db3-89e1030421e6,25,sv,compsvo13v,against;below;;,jar,board,20190625-140603
21082782-c8af-42dd-954a-3c73a1b74de2,25,sv,compsvo13v,on;on top of;above;;,book,board,20190625-140618
047df7c0-22c9-4cd8-9a2b-814d426435ca,25,sv,compsvo14v,none;;,jar,board,20190625-140634
55fec0e3-8274-43d0-bb62-fdfc33f9692c,25,sv,compsvo14v,on;on top of;above;;,book,board,20190625-140612
8346cc72-9327-46a1-a1cb-f15c419e4c12,25,sv,compsvi24,against;;,cube,cup,20190625-140623
427f46a6-7bbb-4487-960a-fcf024e3f502,25,sv,compsvi24,on;on top of;;,pencil,cup,20190625-140636
e8e35027-d39c-45b3-9758-e7d6596220f6,25,sv,compsvu53,below;;,box,book,20190625-140656
cd7891e6-0262-4261-b713-44ce0e4a6938,25,sv,compsvu53,none;;,table,book,20190625-140616
88c18890-a423-4c17-b626-2748a12a91d7,25,sv,compsvi14a,in;;,cube,bowl,20190625-140628
a32569c6-d25d-4c52-82b2-a5f188dc2299,25,sv,compsvi14a,in;;,pear,bowl,20190625-140637
195f750f-8316-40c2-ae6e-bc3ebef7273e,25,sv,compsvu17,under;below;;,box,table,20190625-140647
0bf6f1b8-02d8-4a11-a5e1-982c3eded5c7,25,sv,compsvu17,below;;,box (1),table,20190625-140657
ddb589bc-9530-4c17-a36d-ad3720ddda95,25,sv,compsvo24v,below;;,jar,board,20190625-140616
105e6b7e-1dc9-4c52-bcce-551990b2ddaa,25,sv,compsvo24v,on;;,clock,board,20190625-140626
8aa74995-f63b-4518-b7c6-056a92bc1f79,25,sv,compsvu25,against;on;;,book (1),book,20190625-140643
d5bf2dde-fefc-433c-80cc-77aa742ac6fe,25,sv,compsvu25,below;;,cube,book,20190625-140656
69b14d27-065a-452a-940f-674322ab2496,25,sv,compsvu25,below;;,table,book,20190625-140607
77ff8363-7725-4fe4-940f-75c18dc27553,25,sv,compsvula,on;;,pencil,lamp,20190625-140619
f8603c0a-dec0-42d0-91eb-574b63d858a2,25,sv,compsvula,none;;,bowl,lamp,20190625-140630
f4c870bb-4d70-40b4-ba3f-8076275b82b6,26,sv,compsvi16,none;;,pear,bowl,20190625-170652
620f9f2d-7797-4996-8dd6-9c3a93f95100,26,sv,compsvi16,in;;,pencil,bowl,20190625-170634
e0e6752b-7675-446c-a43f-65928b811852,26,sv,compsvo69a,none;;,box,table,20190625-170658
1b76ba14-2066-473b-947a-258d4e560c6b,26,sv,compsvo69a,on;over;on top of;above;;,balloon,table,20190625-170651
00ab163c-7038-407c-a99b-6ebb4505fa4c,26,sv,compsvu63,none;;,box,book,20190625-170654
6d0b511d-e632-438d-8224-1a1564228172,26,sv,compsvu63,under;;,table,book,20190625-170620
71695b04-da62-4dc6-9f63-504a1d9de6e3,26,sv,compsvo12v,on top of;;,book,board,20190625-170653
f0f11e5a-b8e8-4c41-a8a8-2d9e0e257e12,26,sv,compsvo12v,against;on;;,clock,board,20190625-170605
6381a52a-5d68-4bab-9c95-53e5dec02134,26,sv,compsvul,on;;,pencil,lamp,20190625-170620
c9f1647a-e55e-45de-bf98-461c58823921,26,sv,compsvul,under;below;;,bowl,lamp,20190625-170630
1a2f429c-623b-4a1a-b768-464b52281657,26,sv,compsvo89,against;;,box,table,20190625-170645
5c5deee7-aa5a-4a4e-b220-2486a5e20cc5,26,sv,compsvo89,none;;,box (1),table,20190625-170657
65033e07-1f9b-41ce-839a-3803237bb226,26,sv,compsvu15,under;below;;,book,balloon,20190625-170615
e0c10e90-0a68-44fb-aceb-feb2872e4faf,26,sv,compsvu15,under;below;;,table,balloon,20190625-170629
520d71d4-a87e-4a60-8873-1aaf24d73337,26,sv,compsvo79,none;;,box,table,20190625-170641
385c5b76-b0cf-4cd9-996e-d0400094d110,26,sv,compsvo79,under;;,box (1),table,20190625-170657
d636cf67-3fd6-4c9f-8000-5082c726845c,26,sv,compsvo24,on;;,pear,table,20190625-170612
5eb8d824-5647-4d5a-b90c-01e3256026c7,26,sv,compsvo24,on top of;;,book,table,20190625-170619
3f8c0d45-95d8-42dc-b962-47c2248014d4,26,sv,compsvi26a,on;;,pencil,lamp,20190625-170636
2a144bc0-17cb-4193-af21-26a769239449,26,sv,compsvi26a,none;;,bowl,lamp,20190625-170649
f13b495e-6b95-413a-a02e-fac3e682f533,27,sv,compsvi13,in;against;on;inside;on top of;;,pencil (1),mug,20190712-120711
4ef7b2a0-8619-4b04-91c0-ab0d6a795d64,28,sv,compsvo18,against;;,box,table,20190712-120759
f5fa3a16-d1ff-4d33-b8b7-e163dab89080,28,sv,compsvo18,on;on top of;;,book,table,20190712-120709
10ca9212-ab35-4179-b1ee-d501035c70e8,28,sv,compsva34,over;above;;,balloon,bin,20190712-120727
50a55090-dda3-4ec2-832b-0cc62ab82f0c,28,sv,compsva34,over;above;;,table,bin,20190712-120737
b24d613f-f17d-457a-8e89-a98414f6de0b,28,sv,compsvu63,below;;,box,book,20190712-120758
10cf0227-14c8-4243-a69d-0f10de294892,28,sv,compsvu63,under;below;;,table,book,20190712-120708
2052114c-3306-425a-b6ac-cebf3d708aec,28,sv,compsvo26,over;on top of;above;;,balloon,table,20190712-120718
a8a8dac6-e99d-4aca-8bdc-6714b825b15f,28,sv,compsvo26,on;on top of;;,book,table,20190712-120729
2a5debc2-9e41-47fa-b04f-1c13c782dce2,28,sv,compsvi15,none;;,pencil,box,20190712-120744
cdd70305-8b8c-4d87-b1ce-309fa510c1be,28,sv,compsvi15,in;inside;;,pear,box,20190712-120753
f0f2ab60-1d81-47ca-a357-94e245049108,28,sv,compsvul,on;on top of;;,pencil,lamp,20190712-120710
ebbd7f19-717a-4d5a-a412-d7e44f7a0978,28,sv,compsvul,under;below;;,bowl,lamp,20190712-120724
3732a347-09e6-4449-b96a-22b304545505,28,sv,compsvu25a,none;;,box,balloon,20190712-120732
6f78cd9b-4048-4edd-b97e-aa738e1bb930,28,sv,compsvu25a,under;below;;,table,balloon,20190712-120738
f1a240af-1a02-49bb-be48-bb599382f4c4,28,sv,compsvo27,under;below;;,box,table,20190712-120746
a84cbabf-e3f8-4785-9fc7-940f28cb9ca7,28,sv,compsvo27,on;on top of;;,book,table,20190712-120752
27c6fbdb-ea9b-435d-862b-6ad7396d9a7f,28,sv,compsvo23v,against;under;below;;,jar,board,20190712-120708
864758c1-6289-442a-b9b2-dcc7ab7e94ee,28,sv,compsvo23v,against;on;;,clock,board,20190712-120715
ffef9727-9841-49a0-a7c1-25b1c31713c0,28,sv,compsvo14,on;on top of;;,book (1),table,20190712-120726
7f4cd708-27ec-48dd-8f52-ab5b0a225f38,28,sv,compsvo14,on;on top of;;,book,table,20190712-120731
38726c0d-c025-4ed1-a0a5-5b61fc7f78f2,29,sv,compsva34,over;on top of;above;;,balloon,bin,20190712-150734
3b5cc019-ede3-45cf-a286-35400d3144b4,29,sv,compsva34,over;above;;,table,bin,20190712-150756
05d5dafb-74d2-460a-8758-9a55a90f85bb,29,sv,compsvo34v,against;below;;,jar,board,20190712-150721
7edf0289-0ca0-4cc9-81e9-079595bdfe9c,29,sv,compsvo34v,on;on top of;;,book,board,20190712-150734
bc67f36c-bb9d-4cad-80c3-3de62fb27d2d,29,sv,compsvo16a,on;on top of;;,book,table,20190712-150742
11294eac-a29e-48f5-a3a9-71568ef241da,29,sv,compsvo16a,against;;,balloon,table,20190712-150751
76b62ccc-5574-47a9-80f4-71859c3eaeeb,29,sv,compsvo13v,against;under;;,jar,board,20190712-150759
50fa16f7-5cf4-4beb-b6e1-ff2ab9c9b57b,29,sv,compsvo13v,on;over;on top of;;,book,board,20190712-150708
87bb6ec0-5d09-41c3-9839-1f850087cf1c,29,sv,compsva12,on;over;on top of;above;;,box,book,20190712-150720
02d0567c-65ec-485e-a7ec-01c37b01f98b,29,sv,compsva12,on;over;on top of;above;;,pear,book,20190712-150725
acdaee7b-972b-475c-9ce4-aaa0dd97c585,29,sv,compsvo14,on;over;on top of;;,book (1),table,20190712-150735
e9f97009-41f8-4b7e-afa8-d9e0df4bcb24,29,sv,compsvo14,on;on top of;;,book,table,20190712-150740
096181c9-9f7b-4463-8009-d2707b2df59b,29,sv,compsvu16,below;;,book,balloon,20190712-150757
3bf73105-e419-40c4-a336-a890a7eb4cf9,29,sv,compsvu16,below;;,table,balloon,20190712-150702
7020d3e8-68d9-49b9-ab99-aad1871edc5f,29,sv,compsvi24,against;;,cube,cup,20190712-150709
a54bb505-9519-48bd-a8e6-81074c8554c2,29,sv,compsvi24,on;on top of;;,pencil,cup,20190712-150713
4e090d48-d3c3-473b-a683-d67f5585d810,29,sv,compsvo14a,on;on top of;;,box,table,20190712-150720
42bad374-ff20-4a5c-b2f0-9bbe36776047,29,sv,compsvo14a,above;;,book,table,20190712-150735
c60d2701-195c-4881-ba1a-e0821cb59838,29,sv,compsvu63,none;;,box,book,20190712-150755
a54a1eaa-dd59-409d-922f-dd56d181b627,29,sv,compsvu63,below;;,table,book,20190712-150759
e9eb9b1f-c351-4f6b-a6f8-39634ad29ef1,30,sv,compsvo78,against;;,box,table,20190712-150708
9eb73a26-78e9-4821-9d24-efb7b73ebbe2,30,sv,compsvo78,under;inside;below;;,box (1),table,20190712-150721
7f0d73de-a053-4994-a68c-dc298210e651,30,sv,compsvu67,under;below;;,box,balloon,20190712-150733
c8c36c76-40b4-437f-bebc-624e49386c7f,30,sv,compsvu67,none;;,table,balloon,20190712-150748
d4666435-ba06-4523-a8f6-857461897d58,30,sv,compsva15,above;;,balloon,book,20190712-150700
953d04a7-ec4f-42e5-849f-2a557fc7e957,30,sv,compsva15,on;on top of;above;;,pear,book,20190712-150712
3860c609-5315-4c3a-93bd-5a7d266fb503,30,sv,compsvu25a,none;;,box,balloon,20190712-150729
aca65eae-10b2-4958-863e-a7e4beb0013c,30,sv,compsvu25a,under;below;;,table,balloon,20190712-150739
afea11f5-02bc-4184-a820-5dde938f6676,30,sv,compsvo24,on top of;above;;,pear,table,20190712-150751
32d6f4bc-f485-47eb-8e2d-bacb8a0e302d,30,sv,compsvo24,on;on top of;;,book,table,20190712-150702
70b39a16-56aa-4348-b9f7-8b8f565a7eb5,30,sv,compsvu16,none;;,book,balloon,20190712-150726
7d51796a-a070-4d8f-b276-6faa39dfb17e,30,sv,compsvu16,under;below;;,table,balloon,20190712-150735
2a2e0693-a3e3-4576-8c3d-b562e0a56743,30,sv,compsva25,on;on top of;;,picture,bin,20190712-150745
12bbe592-92d1-44ce-878b-26a794f825ba,30,sv,compsva25,above;;,table,bin,20190712-150759
c10770da-1173-4200-ba9f-6f8a4a8a1bb9,30,sv,compsvu34,under;below;;,picture,book (1),20190712-150717
06b5ae9d-2f63-4c3d-bce7-a227732b07da,30,sv,compsvu34,under;below;;,table,book (1),20190712-150725
db555074-2f36-48af-8deb-adcc54eaddd7,30,sv,compsvo18,against;;,box,table,20190712-150735
0c17c69e-552f-4604-a2d9-9d8b94ade727,30,sv,compsvo18,on;on top of;;,book,table,20190712-150742
484aedfd-8cae-4ed9-97d0-51b6895692fe,30,sv,compsvo16a,on;on top of;above;;,book,table,20190712-150754
f286f297-5543-4254-8552-24e3b8524938,31,sv,compsvo34v,against;under;on;below;;,jar,board,20190712-150716
d7244e76-0dab-4233-a8d9-dee9f05e720b,30,sv,compsvo16a,over;above;;,balloon,table,20190712-150712
e9c5f025-0735-4b21-8a2c-ba1ca9aef86a,31,sv,compsvo34v,none;;,book,board,20190712-150728
291aae6a-f097-445e-bb21-727103680b15,31,sv,compsvi14a,in;against;on;over;inside;on top of;above;;,cube,bowl,20190712-150748
89f8dc23-09af-446a-aceb-c93d6f7ca1c5,31,sv,compsvi14a,in;against;on;over;inside;on top of;above;;,pear,bowl,20190712-150758
48b8560f-01d0-4f8f-858e-ffd2a884a3dd,31,sv,compsvi46,none;;,ball,bowl,20190712-150709
59ebc196-2799-49c6-85e8-089bc0133ee6,31,sv,compsvi46,against;on;on top of;above;;,pencil,bowl,20190712-150725
8f5d35bd-92d5-4901-bb51-0328087b5267,31,sv,compsvo12,on;on top of;above;;,book (1),table,20190712-150737
da4a38c4-c9b3-49bb-823e-eb1c79d56685,31,sv,compsvo12,against;under;below;;,box,table,20190712-150746
b0bf6082-eb6c-42af-b712-b96d6437e41b,31,sv,compsvo12,on;on top of;above;;,book,table,20190712-150754
25e3879c-1127-4736-bd9a-40f902e51529,31,sv,compsva15,above;;,balloon,book,20190712-150716
ea4e3698-8791-4d44-aa5e-3136cd2015ef,31,sv,compsva15,on;on top of;above;;,pear,book,20190712-150732
8a4f8e4d-e606-465c-8ccc-1345a3ad5d72,31,sv,compsva12,on;over;on top of;above;;,box,book,20190712-150751
be4ee802-ea27-4b37-911d-3fd217d8d1a5,31,sv,compsva12,on;over;on top of;above;;,pear,book,20190712-150758
23fca3cd-8f61-4644-bf16-17fb3baf8750,31,sv,compsva34,above;;,balloon,bin,20190712-150707
ad6df84e-e278-47c8-971f-468281f99243,31,sv,compsva34,over;above;;,table,bin,20190712-150715
5f209ba2-ff5f-431a-8150-119c3b5a96e3,31,sv,compsvo89,against;;,box,table,20190712-150700
2ae2aab7-6f43-46f6-8fe4-013e159e9446,31,sv,compsvo89,none;;,box (1),table,20190712-150703
a46d85ca-f265-45ff-b6ce-a4a64fa8e21b,31,sv,compsvi14,in;on;inside;;,ball,bowl,20190712-150714
34da72e0-129c-45d2-a701-fc3e837ccd96,31,sv,compsvi14,against;on;on top of;above;;,pencil,bowl,20190712-150722
0b443785-cf77-4a0b-a3da-5436ae745e8e,31,sv,compsvu56,below;;,box,balloon,20190712-150728
12d69c94-fdf3-415e-aa6d-f29743dfe431,31,sv,compsvu56,none;;,table,balloon,20190712-150732
7ed245a8-77b8-4045-9f3d-5e5b98fe551b,34,sv,compsvi13,in;against;on;inside;;,pencil (1),mug,20190731-150731
cde8cc8c-f356-47b3-bb38-e95e2988c839,34,sv,compsvi13,in;on;;,pencil,mug,20190731-150729
ee688b99-1516-448a-9fd8-74e229409b86,34,sv,compsvo16,on;above;;,book,table,20190731-150743
8520983d-e5b4-45b6-a6d1-edfa1c99b2c7,34,sv,compsvo16,above;;,balloon,table,20190731-150752
6b43e1d7-64eb-4565-8703-ec623936013e,34,sv,compsvo34v,against;on;;,jar,board,20190731-150701
a8713bed-6989-413e-8b5e-67df34dfab81,34,sv,compsvo34v,none;;,book,board,20190731-150705
9c07cb25-9fb7-480f-a40d-9c81e221f4eb,34,sv,compsvu56,under;below;;,box,balloon,20190731-150714
df3bf46b-5e98-4f5a-ac46-73a2653f01e5,34,sv,compsvu56,below;;,table,balloon,20190731-150722
67fd1655-9abb-4fb3-ad5c-33e57c57602c,34,sv,compsvu67a,below;;,box,balloon,20190731-150730
98b90934-7025-450b-83d6-1c5eb4ffd191,34,sv,compsvu67a,below;;,table,balloon,20190731-150734
98e3ccba-f384-4df2-8583-21c807bf6417,34,sv,compsvo19,below;;,box,table,20190731-150741
3aeefcfa-54f7-4bef-b06c-03f5b83f82b4,34,sv,compsvo19,on;on top of;;,book,table,20190731-150749
0152096d-94ce-4a71-8fd8-576d884d529f,34,sv,compsvu67,under;below;;,box,balloon,20190731-150759
681d7b0c-0d3f-4114-a1b9-f4b0313f8fce,34,sv,compsvu67,below;;,table,balloon,20190731-150720
6c6f4f80-88ea-4b85-a6b6-f700a09f017d,34,sv,compsvi26a,on;;,pencil,lamp,20190731-150738
ac5d6f40-0b22-483d-aa8b-6e890fe9eae4,34,sv,compsvi26a,none;;,bowl,lamp,20190731-150756
72b809b6-1f64-4973-9ee0-1b9c46651618,34,sv,compsvu25a,below;;,box,balloon,20190731-160700
8556620e-99df-4918-a9fc-de488b495256,34,sv,compsvu25a,under;below;;,table,balloon,20190731-160706
ad6d8701-b203-4cd8-ae9e-f9e7d7690daa,34,sv,compsvula,under;on;;,pencil,lamp,20190731-160721
f340730b-8992-49ce-9fbe-699cae40d7e2,34,sv,compsvula,none;;,bowl,lamp,20190731-160727
4bde67ed-8fdd-4eeb-be4a-1f5878a05070,35,sv,compsvula,on;;,pencil,lamp,20190801-090837
97367e98-7495-4899-904c-a7150029609b,35,sv,compsvula,none;;,bowl,lamp,20190801-090848
12ac7e6e-42d8-4bc7-bdb3-f44d3ffafa88,35,sv,compsvi14a,in;inside;;,cube,bowl,20190801-090859
76015d9f-c5a4-4b52-9cc2-ceb3698be69c,35,sv,compsvi14a,in;inside;;,pear,bowl,20190801-090804
d29c97f1-8b33-485e-be15-0fec5b546b46,35,sv,compsvi26a,on;;,pencil,lamp,20190801-090813
a9cb5685-a9be-4658-a16e-0d8523ca089c,35,sv,compsvi26a,none;;,bowl,lamp,20190801-090819
d9c57ecb-c44b-41d7-a00a-aa7a90ac9c18,35,sv,compsvo19,against;;,box,table,20190801-090831
5ec07cba-dd9b-477b-a7f9-ad83f822dbfe,35,sv,compsvo19,on;on top of;;,book,table,20190801-090840
099b67f4-9bc7-459f-adfb-820c9696af8a,35,sv,compsvo14v,none;;,jar,board,20190801-090852
117c4742-e652-4ff1-a084-b0c9a5f6ceef,35,sv,compsvo14v,on;on top of;above;;,book,board,20190801-090800
6cc491e1-4c94-40ee-9faf-e39151336e7b,35,sv,compsvi15,against;over;on top of;above;;,pencil,box,20190801-090817
81b17c18-f86a-4710-a1bc-d5253fb51625,35,sv,compsvi15,in;inside;;,pear,box,20190801-090825
31d56d76-c2b4-4700-b6bd-d66fc65058b5,35,sv,compsvi46,against;;,ball,bowl,20190801-090840
f4612106-3aed-4383-9a58-dfeb0cd9f90a,35,sv,compsvi46,on;on top of;;,pencil,bowl,20190801-090849
9caf942f-f97d-4dec-bc21-11515884926b,35,sv,compsvo12v,on;on top of;above;;,book,board,20190801-090802
59f63116-fc78-4b8c-bc8f-d15fa57943a3,35,sv,compsvo12v,against;on;;,clock,board,20190801-090810
40fcd6ef-928a-410a-a791-fb074f9bff38,35,sv,compsva14,on;on top of;above;;,book,box,20190801-090822
2add83d8-a034-4b45-bcde-022354583be8,35,sv,compsva14,over;above;;,table,box,20190801-090829
385a5168-a838-4152-8c9b-07b925ce42e1,35,sv,compsvi14,in;;,ball,bowl,20190801-090840
a43ced07-93ad-4abf-8dbb-72e943aff9b4,35,sv,compsvi14,on;on top of;above;;,pencil,bowl,20190801-090848
a8f1a330-0011-4aca-8fc4-197c8b49f946,37,sv,compsvi34,against;on;;,pencil (1),mug,20190805-150850
5bd0b98e-14c5-465c-8e82-0550c923ceb5,37,sv,compsvi34,on;on top of;above;;,pencil,mug,20190805-150818
802601dc-b978-4024-afbc-0e85dbff6183,37,sv,compsvi26,against;on;;,cube,cup,20190805-150833
314fcea2-b30c-4c63-8fef-9cc437748322,37,sv,compsvi26,none;;,pencil,cup,20190805-150845
9e312bda-831c-4561-b990-ad11d9ff5a3b,37,sv,compsva12,on;on top of;above;;,box,book,20190805-150808
d0f1b18e-5f56-4d93-9f02-2377d23af62f,37,sv,compsva12,on;on top of;above;;,pear,book,20190805-150819
f9657f14-4d07-4f93-9e96-252164ba4c90,37,sv,compsvu34,under;below;;,picture,book (1),20190805-150835
fdcd0a88-2d52-4fee-b26d-d5ae2f467520,37,sv,compsvu34,below;;,table,book (1),20190805-150857
392bdcef-35b5-430a-ab46-3ef637ce203c,37,sv,compsvo68,against;;,box,table,20190805-150808
41a71bed-210f-4ddb-8a0f-5413939286b6,37,sv,compsvo68,over;above;;,balloon,table,20190805-150819
b874a87c-18c9-4448-ba4c-b854829d15d6,37,sv,compsvo13v,against;;,jar,board,20190805-150834
f1eeed70-5584-4a5f-ab28-d52436589026,37,sv,compsvo13v,on;on top of;above;;,book,board,20190805-150853
878aaed6-06c6-42a8-9db6-cf7220906ae9,37,sv,compsvo67,under;below;;,box,table,20190805-150826
974a3429-133f-446c-b195-1cf02f9fe004,37,sv,compsvo67,above;;,balloon,table,20190805-150842
8720adfe-f0a7-404c-8b40-c638073c6f7f,37,sv,compsvi12,none;;,pencil,table,20190805-150801
2f43d015-23ab-4cb5-a3f1-67e414cf3657,37,sv,compsvi12,on;on top of;above;;,cube,table,20190805-150818
71953220-9fbb-472b-aa12-364764a1e2e3,37,sv,compsvi12,on;on top of;;,cup,table,20190805-150831
3479006a-d237-4417-9879-08adf7118615,37,sv,compsvi12,in;inside;;,pencil,cup,20190805-150842
88ad4e82-d657-4de6-abe6-f466c2aacd1b,37,sv,compsvi12,against;on;on top of;;,cube,cup,20190805-150855
886c062e-078e-4d8a-b7bd-23001f4fddb3,37,sv,compsvo26,over;above;;,balloon,table,20190805-150810
dac8829a-d608-40f4-9ad2-9881227661f1,37,sv,compsvo26,on;on top of;;,book,table,20190805-150822
8d99205a-8515-4326-b920-4ed9c2b0413f,37,sv,compsvi25,none;;,pencil,box,20190805-150821
481d1730-fc6d-4154-8d0d-3d2efaeeea30,37,sv,compsvi25,on;on top of;;,pencil (1),box,20190805-150829
0118f935-8be7-48ed-9bd1-dd2b6c0005e5,40,sv,compsvo13v,against;;,jar,board,20190909-180920
275dec4c-b57b-464b-a4bd-2f6e6fd6a7b0,40,sv,compsvo13v,on;on top of;;,book,board,20190909-180931
c50b1c1c-3133-415c-aacf-311ad10e2478,40,sv,compsvo17,under;;,box,table,20190909-180947
ecc562a9-1444-46b3-a7f4-3dc49dc2e607,40,sv,compsvo17,on;on top of;;,book,table,20190909-180955
b5e2bd3b-41db-4b1c-b44e-6d93aeacacc8,40,sv,compsva12,on;on top of;;,box,book,20190909-180913
dd0e1411-5673-4b6f-af8f-133f060eb510,40,sv,compsva12,on;on top of;;,pear,book,20190909-180932
195c249a-ac86-4df4-99b1-bf44ef0ff54c,40,sv,compsvo68,against;;,box,table,20190909-180944
4af12cfb-4fc1-4c3f-b84f-c6ab7498f547,40,sv,compsvo68,above;;,balloon,table,20190909-180948
680bc82f-5947-408d-96ec-65c40894c72d,40,sv,compsvi25,none;;,pencil,box,20190909-180915
37f34b8d-65d4-4300-a252-435e9e4c1885,40,sv,compsvi25,against;on;;,pencil (1),box,20190909-180926
9dd68724-50a0-43fd-9ff1-4cbbb6f02f7e,40,sv,compsvi26a,on;;,pencil,lamp,20190909-180940
5d4e47f3-45eb-4282-8c5b-e6d9115272a7,40,sv,compsvi26a,none;;,bowl,lamp,20190909-180946
7d0a0103-4440-4070-a21e-5adda33a3827,40,sv,compsvi26,against;on;;,cube,cup,20190909-180957
b96f1f45-973e-4ba8-9022-f14756af476e,40,sv,compsvi26,none;;,pencil,cup,20190909-180903
bdd9e2b4-7c0d-4242-b5e9-d7f6395cc38c,40,sv,compsvo12,on;on top of;;,book (1),table,20190909-180913
c9bf7da3-a3b3-43cd-adff-d1bd4a484f23,40,sv,compsvo12,against;under;;,box,table,20190909-180921
332ffa73-9723-4b0a-aeae-123839733886,40,sv,compsvo12,on;on top of;;,book,table,20190909-180927
4f903877-532c-4ed1-91e6-4aef0a8f725f,40,sv,compsvi46,none;;,ball,bowl,20190909-180937
1fd364e0-4db6-4b13-8652-6c0d6c56e864,40,sv,compsvi46,on;on top of;;,pencil,bowl,20190909-180942
e16d9a12-3dad-4221-89e0-c87da78a25cf,40,sv,compsvo29,none;;,box,table,20190909-180949
d3a51ea6-1022-4ee4-b89e-24f954510eae,40,sv,compsvo29,on;on top of;;,book,table,20190909-180955
4d42b98d-5de2-4bf7-aea6-24856a14b68e,42,sv,compsva23,over;above;;,balloon,book,20190922-120941
a6be503f-a4e1-43fb-bfd7-925480f94978,42,sv,compsva23,on;on top of;;,box,book,20190922-120920
5b0ff4c9-3380-4782-832d-7463727f33dc,42,sv,compsvo79,none;;,box,table,20190922-120946
4637518a-db49-481b-aea4-e0b7c586b6ac,42,sv,compsvo79,under;below;;,box (1),table,20190922-120907
592a73aa-8cc9-4e1d-8300-f33725d08dd9,42,sv,compsvo23v,against;below;;,jar,board,20190922-120945
b4c80e93-aaad-440d-a68a-2943f5fe86fb,42,sv,compsvo23v,against;on;;,clock,board,20190922-120908
61c10e73-c251-4995-a04f-43337b0aa5a3,42,sv,compsvi12,on;;,cube,table,20190922-120907
1c0087da-2a0c-4436-8645-d396a76d1fc4,42,sv,compsvi12,in;inside;;,pencil,cup,20190922-120935
7bfa2244-77a2-459f-b9ce-bde20b73bd2c,42,sv,compsvi12,none;;,pencil,table,20190922-120941
6fdd5f8b-ae63-4ddd-aa0d-6030aa65ea7d,42,sv,compsvi12,against;on;;,cube,cup,20190922-120952
05100334-7027-4ae5-a053-d942bfe026ce,42,sv,compsvo78,against;;,box,table,20190922-120901
843c6f02-3455-48f0-b6ae-b28ef72606f7,42,sv,compsvo78,under;below;;,box (1),table,20190922-120911
a1c894ba-bc28-4e05-a902-c723461cabc7,42,sv,compsvo68,against;;,box,table,20190922-120923
c2f61f72-4314-4552-ba0e-10067867b671,42,sv,compsvo68,over;above;;,balloon,table,20190922-120948
a6d54d5e-2d95-48ef-8928-b16fc29d3a33,42,sv,compsvi14,in;inside;;,ball,bowl,20190922-120901
7363252e-fa1b-4ba2-b401-20685753b928,42,sv,compsvi14,on top of;;,pencil,bowl,20190922-120921
41c14fd6-b322-4eb7-9e01-0850ace82e46,42,sv,compsvo29,none;;,box,table,20190922-120939
65f1dff2-ab62-4654-9d8a-d339650d0e9c,42,sv,compsvo29,on;on top of;;,book,table,20190922-120952
469ad109-1336-4663-a143-e0b7a0746f7e,42,sv,compsvo14,on;on top of;;,book (1),table,20190922-120925
e3a230da-0675-4da4-a30b-4c6b06b20145,42,sv,compsvo14,on;;,book,table,20190922-120928
f137b0e2-76ab-4882-9aae-df4bc2dacad2,42,sv,compsvo27,under;;,box,table,20190922-120905
243878b2-a134-4bf0-9be4-2d5c4f680efa,42,sv,compsvo27,on;on top of;;,book,table,20190922-120918
f0ab8a2f-78ff-4d1e-8c4f-34ee52d20309,44,sv,compsvi23,under;;,box,table,20190927-120955
c554d99d-2cfc-45eb-8eb3-3dd78a22851b,44,sv,compsvi23,under;;,box (1),table,20190927-120917
84f3884a-f46b-424b-bd93-49c52dcc44d7,44,sv,compsvinew2,on;;,mug,shelf,20190927-120929
3a1db8c2-280c-45a1-8fa5-a8969d933354,44,sv,compsvinew2,under;;,box,shelf,20190927-120938
c504f3f7-c2b3-44d3-8a14-038d0c2a7388,44,sv,compsvo68a,against;;,box,table,20190927-120949
1842d057-1939-4629-89d5-438e738f969b,44,sv,compsvo68a,above;;,balloon,table,20190927-120957
49ff3c85-ed6f-4337-bfb2-342e2bd07222,44,sv,compsva13,above;;,balloon,book,20190927-120909
a5e0221b-536d-46b3-8919-0025d35051b0,44,sv,compsva13,on;;,pear,book,20190927-120914
439908de-2b0d-4add-afc3-68e2db4d35d4,44,sv,compsvo26,above;;,balloon,table,20190927-120925
6829c37a-7f46-460e-bdab-9fc9957a0e73,44,sv,compsvo26,on;;,book,table,20190927-120934
e7c72024-0570-4dbe-9430-f6179793dd53,44,sv,compsvinew1,on;;,cube,plate,20190927-120940
2ccb74b8-7f50-44b4-884e-ce7604506fbd,44,sv,compsvinew1,under;;,pencil,plate,20190927-120948
d3859247-2137-405e-acd7-775b4f7d6103,44,sv,compsvi3,against;;,pencil,mug,20190927-120906
b09332b4-5258-40f1-a039-8d14ccf9aa65,44,sv,compsvi3,against;;,pear,mug,20190927-120917
0e4bc907-e856-40cc-b3e1-ad62624f988d,44,sv,compsvo79,against;;,box,table,20190927-120923
89874f3f-aae1-4917-9cdf-4f3890cb1553,44,sv,compsvo79,under;;,box (1),table,20190927-120935
02b0f9f5-cd89-4490-b365-1cf8bacc84b1,44,sv,compsvo27,under;;,box,table,20190927-120946
58904c90-76f1-4f6f-9bb5-d578205cb554,44,sv,compsvo27,on;;,book,table,20190927-120950
8725d4e4-b007-4bc2-88ea-effe6eeff100,44,sv,compsvo23v,against;;,jar,board,20190927-120957
6be84c1c-0638-4a69-acb8-080289f5c118,44,sv,compsvo23v,on;;,clock,board,20190927-120927
fdcb0d4e-8ed2-4bce-917b-190e85c278ff,45,sv,compsvi26a,on;on top of;;,pencil,lamp,20190927-220909
4c576b77-4da0-44d5-8c05-ce4100cf9cbc,45,sv,compsvi26a,none;;,bowl,lamp,20190927-220919
dd8e47c8-863f-4e5f-8642-fc948df0544f,45,sv,compsvi14,in;inside;;,ball,bowl,20190927-220943
ee150bf8-06bd-4c29-b174-9336e8b043b7,45,sv,compsvi14,on;on top of;;,pencil,bowl,20190927-220950
8c8583f2-b819-4e6b-a944-dc4cf244b684,45,sv,compsvi14a,in;inside;;,cube,bowl,20190927-220902
b3fefc27-65f1-4e20-8b83-e6609f56a81d,45,sv,compsvi14a,on;on top of;;,pear,bowl,20190927-220912
a5497124-44ab-4e04-9430-b5de2fb7a651,45,sv,compsva13,above;;,balloon,book,20190927-220921
2cace4ff-63c3-4286-99a6-e9296c4e3ce7,45,sv,compsva13,on;on top of;;,pear,book,20190927-220931
2c626ab1-a962-42bc-8c8b-8beaf06c214b,45,sv,compsvo14,on;above;;,book (1),table,20190927-220947
8a55e76c-2aa9-4ff4-825e-bb693058c619,45,sv,compsvo14,on;on top of;;,book,table,20190927-220954
25edadd9-07f5-45fc-b61b-824ff3301942,45,sv,compsvo13v,against;;,jar,board,20190927-220909
5b4f668c-43ce-42c4-9c87-e96fbb518d80,45,sv,compsvo13v,on;on top of;;,book,board,20190927-220915
89834231-df9a-483e-9897-169efa172e28,45,sv,compsvo28,against;;,box,table,20190927-220930
2c83ddc0-1114-4d1f-a2ca-b383713fe194,45,sv,compsvo28,on;on top of;;,book,table,20190927-220937
92bb19e7-54a6-42d0-987d-6ff640c2e9f6,45,sv,compsvi13,in;inside;;,pencil (1),mug,20190927-220951
da470b0e-2c35-4ff9-aeb7-9fda9f7602b7,45,sv,compsvi13,in;against;on;inside;;,pencil,mug,20190927-220906
6d1305bf-70ce-4519-a3f2-607b0639d44a,45,sv,compsvinew2,on;;,mug,shelf,20190927-220915
da4fc443-6434-438e-8ac6-b87264483857,45,sv,compsvinew2,under;below;;,box,shelf,20190927-220924
c6cf3920-34d9-49ec-9798-7981dda62f43,45,sv,compsvo68a,against;;,box,table,20190927-220931
107cd4a8-b242-40f0-8fcd-6235f70b01ce,45,sv,compsvo68a,over;above;;,balloon,table,20190927-220946
907b2bfd-858b-4010-9ab5-2179c0f6e860,46,sv,compsvi23,under;inside;below;;,box,table,20191002-111034
daab254e-9d1f-491f-b24a-ee70a1e5e3e3,46,sv,compsvi23,under;below;;,box (1),table,20191002-111047
53618395-21e6-4ce2-845c-a8999e075410,46,sv,compsva13,over;on top of;above;;,balloon,book,20191002-111006
ae73f796-6cbe-40de-8634-a4278d7e5952,46,sv,compsva13,on;over;on top of;above;;,pear,book,20191002-111036
2adcc7b1-94c5-4c97-88bf-89f040a746c0,46,sv,compsvi26a,on;on top of;;,pencil,lamp,20191002-111002
d835312a-2f54-4d5c-afb3-d8e3645c64a6,46,sv,compsvi26a,none;;,bowl,lamp,20191002-111013
a2a84582-ba49-4328-9855-0f3afd18d1e9,46,sv,compsvi14a,in;against;on;inside;on top of;;,cube,bowl,20191002-111036
369827c5-6e14-4aee-ab27-9b265b0fb978,46,sv,compsvi14a,in;on;inside;on top of;;,pear,bowl,20191002-111054
2c8ad80e-91fd-4db5-b1a5-8727851a9952,46,sv,compsvo23v,against;under;below;;,jar,board,20191002-111007
c90d6967-fcd4-4cad-9211-852aa955d402,46,sv,compsvo23v,against;on;over;above;;,clock,board,20191002-111017
f01af611-4473-4bae-850f-5780ed837272,46,sv,compsvo68a,against;under;;,box,table,20191002-111030
5a91b382-dbe3-4c6c-98f5-94f58f2cfad7,46,sv,compsvo68a,on top of;above;;,balloon,table,20191002-111041
0147c2e5-8f73-4690-ab7c-d352ff991164,46,sv,compsvi15,over;above;;,pencil,box,20191002-111002
cafca9ce-a8b3-4add-95ee-2f9fcdaef0ab,46,sv,compsvi15,in;inside;;,pear,box,20191002-111008
23b524d0-65a7-4a26-aaa3-8c75beed682a,46,sv,compsvinew2,in;on;inside;on top of;;,mug,shelf,20191002-111028
4457b0ea-552e-4670-b3ee-a1ebb316c59c,46,sv,compsvinew2,under;below;;,box,shelf,20191002-111037
cd03c411-37b2-4882-ae5d-0cb281d3fb1e,46,sv,compsvi26,against;on;over;on top of;;,cube,cup,20191002-111050
532933d5-a308-42cd-af56-8b81e6899867,46,sv,compsvi26,none;;,pencil,cup,20191002-111057
925f6070-91ff-40f6-89a9-ab7af11141a4,46,sv,compsvo13v,against;below;;,jar,board,20191002-111007
7937aa66-7174-4d48-a24f-e467098eac5a,46,sv,compsvo13v,on;over;on top of;above;;,book,board,20191002-111017
791682fd-62c5-4a64-9d5f-90ea5a525ddf,47,sv,compsvi23,under;below;;,box,table,20191015-221004
273f1f2b-79fb-4745-8c6d-105fdabb0b29,47,sv,compsvi23,under;below;;,box (1),table,20191015-221022
dcad4591-2154-4d55-bcc3-60b818e8ec19,47,sv,compsvi26a,under;on;below;;,pencil,lamp,20191015-221017
2805e790-6c61-4ed3-8933-23a173c708d0,47,sv,compsvi26a,none;;,bowl,lamp,20191015-221051
8fe172fb-1efd-4372-9ae5-227e759ec492,47,sv,compsvinew2,on;;,mug,shelf,20191015-221027
524b802e-d04d-4642-995b-0ded9b8deda0,47,sv,compsvinew2,under;below;;,box,shelf,20191015-221048
f6042fad-9c66-4cf7-937b-cf538c79eb14,47,sv,compsvi14a,in;inside;;,cube,bowl,20191015-221012
9f550e37-3e10-453f-831b-229c579eb9c2,47,sv,compsvi14a,in;on top of;;,pear,bowl,20191015-221000
e491516f-70ac-4fca-a5bd-dff8ddef4e6a,47,sv,compsvinew1,on;on top of;;,cube,plate,20191015-221018
93be52a1-f6d0-48ab-aaa1-024510f981d1,47,sv,compsvinew1,under;;,pencil,plate,20191015-221044
eab0082e-f4e7-4324-a4b9-c2ca29f00748,47,sv,compsvo27,under;below;;,box,table,20191015-221059
886b28af-a324-4191-9e06-2a8c3f2b5115,47,sv,compsvo27,on;on top of;;,book,table,20191015-221015
e3f0524c-b75b-4332-a097-5de55fa7b53c,47,sv,compsvi15,none;;,pencil,box,20191015-221045
70c1e996-9f43-47b2-8e27-93c9a26ffeab,47,sv,compsvi15,in;inside;;,pear,box,20191015-221004
cf7bfca8-957d-4a04-bc53-167118d69da8,47,sv,compsvi3,against;;,pencil,mug,20191015-221007
2b63bd9a-81b1-4185-9c97-136f78923bfe,47,sv,compsvi3,none;;,pear,mug,20191015-221032
9dcb9a4b-4769-4685-81e6-1f8ef7d7af74,47,sv,compsvi26,against;;,cube,cup,20191015-221055
7efb4fa9-81df-4db7-9a0a-2e0d68e3911d,47,sv,compsvi26,none;;,pencil,cup,20191015-221006
a5a8785c-5355-4e67-a37c-2d0894229da1,47,sv,compsvo26,over;above;;,balloon,table,20191015-221039
a809fe6c-c5a5-410a-9b4b-7a3a830cf41a,47,sv,compsvo26,on;on top of;;,book,table,20191015-221055
8cc837df-5050-4b17-a7cb-a19449a11765,48,sv,compsvo28,against;;,box,table,20191113-151132
b2ce5de3-1cd3-4daf-9d3a-f478dd9879e6,48,sv,compsvo28,on;on top of;;,book,table,20191113-151139
2c7187e9-0def-4a43-be57-03311449163a,48,sv,compsvinew1,on;;,cube,plate,20191113-151114
4444ff91-1d04-458a-bb8a-dadff6ad7160,48,sv,compsvinew1,against;below;;,pencil,plate,20191113-151128
ce111308-5534-4763-8ff5-72ea245fb077,48,sv,compsvi14a,in;on;inside;;,cube,bowl,20191113-151139
c0d590d3-f616-489b-9861-3b800dafb7eb,48,sv,compsvi14a,in;on;above;;,pear,bowl,20191113-151150
d9fb8b1f-0396-4e41-8c08-ee386e962d97,48,sv,compsvi3,against;on;;,pencil,mug,20191113-151102
091cccdc-85de-44a3-9b2b-4d3e763e7b0c,48,sv,compsvi3,against;on;;,pear,mug,20191113-151107
8859eb2c-f1ab-4bcb-996a-f241e20bcbed,48,sv,compsvo14,on;above;;,book (1),table,20191113-151126
3bb51efe-da72-467b-9bac-340bfc371619,48,sv,compsvo14,on;above;;,book,table,20191113-151134
e6ae5855-3539-4f0e-98fa-ef091353d068,48,sv,compsvo28,against;;,box,table,20191113-151158
8947aa85-d3cb-49be-9f56-2c3cc2a73ab7,48,sv,compsvo28,on;;,book,table,20191113-151103
8c7343b2-53aa-4aad-bc11-e2429c82d0b6,48,sv,compsvo27,under;;,box,table,20191113-151110
d9428824-3959-4df0-abf9-2ab9b1b40f81,48,sv,compsvo27,on;;,book,table,20191113-151112
2460a5e3-08a8-45ef-8e99-672adbd657d7,48,sv,compsvo26,above;;,balloon,table,20191113-151118
f747758a-43d2-40e2-b76a-0ba20eaa7544,48,sv,compsvo26,on;;,book,table,20191113-151121
f2f5642a-70db-4cb3-a4f6-a1f7c711174e,48,sv,compsvo23v,against;under;on;;,jar,board,20191113-151131
6c22ac7f-9afc-4930-9cc0-5c339963d688,48,sv,compsvo23v,on;;,clock,board,20191113-151140
eee99a99-ffb0-441f-8208-6b091284a48f,48,sv,compsvinew2,on;;,mug,shelf,20191113-151154
88f63194-d508-4e8a-bb6c-bb0385e427c3,48,sv,compsvinew2,under;below;;,box,shelf,20191113-151102
