,0
ground_lightsource,-0.12166736738870315
ground_container,-0.3131703904868357
support,-0.6282480394372745
ground_verticality,-0.3832424471159501
size_ratio,-0.20471898428646712
shortest_distance,0.09723355723412533
contact_proportion,-0.2935841880757945
above_proportion,1.1654627931624248
below_proportion,-0.7484621051199398
bbox_overlap_proportion,-0.27643756047568263
horizontal_distance,0.4481602227419729
f_covers_g,-0.31144580869577615
g_covers_f,0.7346374699798592
figure_lightsource,-0.1216673673887032
figure_container,-0.5968659206925575
location_control,-0.2237919535585619
