,0
ground_lightsource,-0.12166736738870315
ground_container,0.112372904821747
support,1.6039494527687013
ground_verticality,0.17706771290800227
size_ratio,-0.2117246962596999
shortest_distance,-0.5510194201357373
contact_proportion,0.5661222135067125
above_proportion,1.1660878543971762
below_proportion,-0.7484621051199398
bbox_overlap_proportion,-0.2562482560895688
horizontal_distance,-0.42173721164910644
f_covers_g,0.11320017234236224
g_covers_f,0.9107537972817645
figure_lightsource,-0.1216673673887032
figure_container,-0.1713226253839748
location_control,1.0356124316727326
