,0
ground_lightsource,0.4731508731782901
ground_container,-0.19158659182724064
support,1.5272638607627715
ground_verticality,0.1503862767163855
size_ratio,-0.2128843397353331
shortest_distance,-0.5759472199799559
contact_proportion,1.8750720118737525
above_proportion,0.6397249434057793
below_proportion,-0.74846210511994
bbox_overlap_proportion,0.6476123211820275
horizontal_distance,-0.350881745116672
f_covers_g,-0.38582887459281273
g_covers_f,1.0566232886825193
figure_lightsource,-0.12166736738870317
figure_container,-0.35369832337336743
location_control,1.1173760131399795
