,0
ground_lightsource,0.1200847024470605
ground_container,0.44061321625108535
support,0.4325323239189935
ground_verticality,0.33463608796953576
size_ratio,865.5379543300575
shortest_distance,0.34134114688705186
contact_proportion,0.1429257959738568
above_proportion,0.45091582125092694
below_proportion,0.41966619987570575
bbox_overlap_proportion,0.20425689370637018
horizontal_distance,0.5259904616746989
f_covers_g,0.4149277774730084
g_covers_f,0.416759017318015
figure_lightsource,0.12008470244706046
figure_container,0.44061321625108535
location_control,0.37756332314792734
