,0
ground_lightsource,0.01461038961038961
ground_container,0.262987012987013
support,0.2717375844953558
ground_verticality,0.12824675324675325
size_ratio,184.72558897183592
shortest_distance,0.20568326405779586
contact_proportion,0.0642455912660714
above_proportion,0.4085099624837659
below_proportion,0.31410424740665616
bbox_overlap_proportion,0.07292860615652978
horizontal_distance,0.5072462225357137
f_covers_g,0.3626697272054221
g_covers_f,0.36485184867620113
figure_lightsource,0.01461038961038961
figure_container,0.262987012987013
location_control,0.30405279927308726
