,0
ground_lightsource,0.3881768388115767
ground_container,0.4221221061688106
support,0.26799855251380333
ground_verticality,0.2266189515495763
size_ratio,-0.21236922002951886
shortest_distance,-0.4805598190916307
contact_proportion,0.7368873367083184
above_proportion,-0.5659312951599818
below_proportion,-0.6092403355399825
bbox_overlap_proportion,1.2161722363599714
horizontal_distance,-0.11361565654153213
f_covers_g,-0.521425303000918
g_covers_f,0.1217968095744991
figure_lightsource,-0.12166736738870318
figure_container,0.19053391824577237
location_control,0.8134196476305421
