,0
ground_lightsource,-0.12166736738870311
ground_container,0.13525157661253093
support,0.35933788619604745
ground_verticality,-0.09405010645842633
size_ratio,-0.19819233771437356
shortest_distance,-0.13626698207611684
contact_proportion,0.4532856586958493
above_proportion,0.7146681796064278
below_proportion,-0.5231214306883618
bbox_overlap_proportion,0.1545500593932135
horizontal_distance,-0.09283558929134555
f_covers_g,-0.058105867586348996
g_covers_f,0.5765909509154732
figure_lightsource,-0.12166736738870314
figure_container,-0.37723067150103107
location_control,0.29045041955372125
