,0
ground_lightsource,0.08534052508975443
ground_container,-0.003221473145791194
support,1.925746919160509
ground_verticality,-0.11877224232491113
size_ratio,-0.21498810451258707
shortest_distance,-0.6764534064039188
contact_proportion,0.9590242777511455
above_proportion,1.4579250500635075
below_proportion,-0.9123636099004435
bbox_overlap_proportion,-0.27795252325977415
horizontal_distance,-0.4311670750151857
f_covers_g,-0.15688589877803635
g_covers_f,1.1585029360907018
figure_lightsource,-0.1216673673887032
figure_container,-0.5189953688281097
location_control,1.2748153522266903
